team,players,weekly,annual
Manchester City,61.880798639708836,5099475.877101496,274914517.39619184
Manchester Utd,59.94868959933116,5026640.974140663,254989721.93632567
Chelsea,73.6279565504837,4483019.885091525,225774996.9139893
Arsenal,51.692263101564144,3987309.4578727037,241846631.5164805
Liverpool,62.720952778425165,3370832.4403136163,160969873.81033173
Aston Villa,70.3109607319266,2874111.3386100023,155520151.71427596
Tottenham,60.280191765455164,2634081.4833742245,144800265.2487143
Newcastle Utd,65.46888986907028,2438947.1980689242,150107019.07494134
West Ham,54.730322126491366,2287033.4409382874,123839092.72228196
Everton,50.05101673739346,1939972.7050829823,104243726.65254565
Crystal Palace,59.392505193113024,1766878.0044781212,84511772.52671796
Fulham,54.36220388818443,1624824.2319757375,89011908.55417044
Leicester City,55.51896663787276,1810940.8909757542,81489876.86746876
Nott'ham Forest,64.57597518695775,1561544.5723391233,89568396.90019092
Brighton,76.89528092586043,1631748.4219471433,88999471.71277015
Southampton,69.68872860128059,1442706.7745572808,70794318.82461396
Bournemouth,58.44740579016219,1319328.2688658817,69417615.33668564
Wolves,75.52619612654485,1324975.7369580253,74837457.05752961
Brentford,60.83738339446509,1034570.3613846326,60032491.195103794
Ipswich Town,61.221299613219216,847555.2524488177,42411451.80092879
Manchester City,59.56445305329036,5712331.392287367,257310642.24101457
Manchester Utd,57.31523560909153,4445415.5709644,259459554.42082584
Chelsea,73.54070312204287,4640287.640536159,210667543.675967
Arsenal,51.70469191947435,4691701.687758757,243636461.03186092
Liverpool,58.54205433480632,3564750.128162732,185610740.873954
Aston Villa,71.8915848084887,2878321.2034680014,147408617.94901925
Tottenham,65.62067426020975,2492709.688734707,130020570.0019433
Newcastle Utd,58.02332518802611,2416511.7508287188,135468894.3806554
West Ham,53.938841780527554,2412031.1639055503,123569734.23907954
Everton,57.89573893266294,1766168.3161919692,99506752.2499957
Crystal Palace,68.31688453212703,1874231.0577372194,100616742.06606929
Fulham,56.2024428854307,1646306.8924294703,89869552.67257118
Leicester City,52.19131874248048,1713803.7125468645,90963990.202637
Nott'ham Forest,66.13476186535827,1720996.8215685657,93382569.74202666
Brighton,75.67179986495464,1736633.9048315557,87521025.17505147
Southampton,68.85773607704638,1303177.0473054326,69683661.05195566
Bournemouth,57.24298369475888,1444975.6044851171,75250443.9923678
Wolves,70.7683447844247,1287700.1911689742,65607160.412894666
Brentford,51.40674394840353,1062519.7130154343,60128370.99029149
Ipswich Town,57.50944610221728,901807.7538224927,45601345.43721786
Manchester City,60.76569236662001,5530511.479857344,263212762.6719838
Manchester Utd,61.23643187829868,4514344.28578453,231972086.76654917
Chelsea,76.14781497535205,4116524.3684465345,252313010.4939906
Arsenal,54.386644954061275,4648153.909844685,233901868.13708434
Liverpool,58.5120970242721,3259890.0886027305,178289921.94672814
Aston Villa,69.57200251715003,2632714.3321544677,152530045.45912567
Tottenham,67.37609068567981,2946686.9482988855,147237914.7018233
Newcastle Utd,61.487872549249516,2435006.8042859393,136648833.06087568
West Ham,49.46815026796484,2382144.892455356,127829728.51722166
Everton,56.39676049867241,1838651.5924785095,87097406.0688188
Crystal Palace,66.04061371840564,1825612.5185318962,102930038.60907327
Fulham,56.39080498868741,1769048.8979361944,95557787.67089726
Leicester City,53.43661577086478,1614652.1593878223,86849895.18320309
Nott'ham Forest,60.9406346379273,1620437.2465617405,91895715.37964784
Brighton,68.96655211150475,1668221.4574516765,81793429.69848132
Southampton,71.88431931924089,1388748.5506479724,78256147.83812198
Bournemouth,54.25478053062157,1542840.998859654,78283613.84178409
Wolves,65.77397890707823,1388289.629818295,72942924.69377375
Brentford,54.08085654055244,1054648.6723989248,60697559.01423574
Ipswich Town,51.770368560380135,874407.4395764384,48030431.89382543
Manchester City,64.30211634038713,5093416.274040809,264136423.73250103
Manchester Utd,58.62712944640487,4759667.511389944,236554551.1207681
Chelsea,70.23163265438757,4247538.576317039,209640381.5210336
Arsenal,50.07094136343542,4327149.480118946,216475191.75835702
Liverpool,59.70715554667508,3413525.978691814,166093668.1136188
Aston Villa,66.5441815313366,2586256.0656086532,141944188.2042602
Tottenham,65.01347419735515,2598725.1978298733,136078437.08344018
Newcastle Utd,59.743512988897436,2756467.1636078274,142389293.7310836
West Ham,53.57911782413897,2373302.974629882,124639303.7426056
Everton,51.52217467236237,1871192.459988077,104431365.1841503
Crystal Palace,56.734349326181274,1824345.1448082635,92578683.21181959
Fulham,56.05350796925277,1852651.6048053221,84746722.40244947
Leicester City,55.34919758895604,1810397.495207959,95559328.7164596
Nott'ham Forest,57.905915805024364,1481114.629704197,77734008.12817138
Brighton,67.63111949685475,1730502.7817959802,89156279.77831557
Southampton,72.01267396674291,1355500.0186432474,80862084.97141202
Bournemouth,59.500520363212615,1326948.4882694553,67547566.32398295
Wolves,65.13634320174745,1447680.8823942097,69827205.02509739
Brentford,59.9628856972117,1046087.0534099385,58428389.321270406
Ipswich Town,55.7804976821851,813829.2628463362,48143212.477757886
Manchester City,66.0335199238744,4692986.441229559,285055473.2800257
Manchester Utd,60.34099523624085,4588162.3622528985,228227331.85085106
Chelsea,71.28669704205203,4700480.448467045,235718179.56249642
Arsenal,55.14922707498407,4036873.4658109318,205133636.79297024
Liverpool,57.35393572627207,3491871.765422693,178919716.82875454
Aston Villa,65.44666017535764,2900077.646325568,134860830.58129987
Tottenham,61.15128433402369,2588136.935879581,135617135.65037566
Newcastle Utd,57.756425986074,2652322.1710236995,148181193.38085002
West Ham,59.2596822641399,2460589.512215087,127914078.20654184
Everton,54.43603981700386,1707833.707839697,91354793.1793013
Crystal Palace,68.89191994624318,1675657.6797908929,98785780.28494573
Fulham,52.48977473990085,1774315.3622702083,82771713.5418237
Leicester City,55.17927035555448,1627052.2609118542,84334735.19346026
Nott'ham Forest,56.90915770218785,1754439.83991211,84342029.15621382
Brighton,68.204667450425,1548483.8343988613,80387525.80227233
Southampton,66.8398414625068,1541701.1619605245,75273957.93788707
Bournemouth,60.422451238116594,1335031.915125393,67869055.18015042
Wolves,76.55027263870852,1484306.8197471823,74937201.04874226
Brentford,54.990406945899146,1029802.5468525464,60872035.716779396
Ipswich Town,51.337072915066535,865767.2061403395,49693132.736788794
Manchester City,58.8190050921023,4958616.047233361,270291597.1646577
Manchester Utd,61.37551210372985,4941925.933723894,242460718.55538067
Chelsea,68.16655098437757,4367164.519749728,223207513.599682
Arsenal,46.49517813463759,4324874.61977282,217411673.79012245
Liverpool,59.984772097953346,3577501.3315505465,169237095.13510063
Aston Villa,64.733672597787,2758655.8119078297,158508328.758965
Tottenham,66.19625071074309,2829263.838762463,128616752.8876464
Newcastle Utd,58.21315624941183,2545243.075230616,133314581.65576509
West Ham,56.58483985049204,2446177.956924433,111344548.33238842
Everton,57.509337026468174,1719187.7432946523,93432862.03416951
Crystal Palace,58.271784146765555,1652843.7242411,98946328.49381937
Fulham,58.05967994007336,1641044.4385439598,93429392.64938867
Leicester City,57.56336038587583,1726777.7755445833,96298964.67287639
Nott'ham Forest,66.16220108363733,1780521.1708885825,93245621.22040935
Brighton,64.95755924759936,1453124.531746119,82172009.49253218
Southampton,68.96056742420488,1455337.1013075516,72373609.41079554
Bournemouth,52.83711508101217,1326848.5579946728,73519937.98726344
Wolves,75.04331057943625,1308737.6601622968,72710105.15703556
Brentford,55.77507750859671,984171.7502409797,53789795.236845054
Ipswich Town,54.31334959244384,964577.5669501277,47498368.620058216
Manchester City,60.71515087729042,4747546.502638765,297862741.9693807
Manchester Utd,61.92196271896543,4584593.239801925,241104787.50252047
Chelsea,73.27108829522234,4324530.200960125,243570995.13932955
Arsenal,46.65241656591679,4490367.916925641,241696361.5096794
Liverpool,59.89439828700422,3008728.21674025,170054081.6894497
Aston Villa,67.64776203248752,2830121.5875153835,139086888.05990016
Tottenham,60.04731016963902,2972430.5098306015,139747115.64639217
Newcastle Utd,65.1318761557563,2885697.87784247,132085048.1365726
West Ham,49.023926778191885,2160304.8581533786,115719354.8179591
Everton,52.63054798164628,1876377.0007668613,94572314.59631974
Crystal Palace,58.650443078128944,1846984.2111256125,96904259.96904828
Fulham,53.733830247216495,1673059.1484306855,94272664.44054832
Leicester City,57.42731177959414,1753201.2873830877,95165921.91207881
Nott'ham Forest,63.97674366975055,1566355.0776780548,81135929.18486376
Brighton,65.96972059236809,1652257.108895669,84383003.4921616
Southampton,67.1810714355956,1421503.9414677583,79585433.22743493
Bournemouth,57.87435867416633,1301865.7390460162,74846946.85786189
Wolves,68.22329373932246,1436260.7670050962,76859608.73288533
Brentford,59.50871845399036,1093169.4471398608,53952641.414908506
Ipswich Town,60.43365505646203,893985.211973019,49371461.5256547
Manchester City,60.96971377077192,5535852.585607537,265994426.41008565
Manchester Utd,62.506980380104686,4859000.213670668,239524076.07109162
Chelsea,67.84665514370847,4484656.955351899,217111294.3619592
Arsenal,48.18755381458331,4691207.840766664,218915215.80537748
Liverpool,59.23576008451285,3042269.623882893,156244089.19098842
Aston Villa,62.894875711037564,2923836.9048961904,154674556.3153669
Tottenham,60.80820843816955,2732144.64296543,129401874.94359851
Newcastle Utd,66.57503722869644,2914863.6696265903,126109481.24611704
West Ham,56.296272072544085,2431887.9668594287,130070406.98152944
Everton,57.74046321353638,1684582.1339905367,102627391.9707908
Crystal Palace,64.56663858139923,1698433.921244588,85179485.78644794
Fulham,53.19504984316592,1853979.3291228956,94212199.63829036
Leicester City,56.11730583967832,1676527.5815342907,83946573.62084883
Nott'ham Forest,59.70958109823996,1643694.9307354551,86735157.95583804
Brighton,73.39590246797759,1556489.0799290827,88901637.8631678
Southampton,61.405323282330386,1499180.798211499,78788997.70928137
Bournemouth,59.835169483115386,1501559.398209742,73679562.26495011
Wolves,66.6770907850846,1473256.8266193296,77668020.77586265
Brentford,55.9601779809658,1128402.2171260545,55405656.93284689
Ipswich Town,59.65397723723392,934466.6981700876,45538391.01484748
Manchester City,55.18444573575186,5191838.021544025,250870735.43725693
Manchester Utd,62.82552789518485,5055519.317341883,250183755.89129728
Chelsea,74.78143239097643,4263907.259770892,250105851.43433416
Arsenal,54.84534032618065,4143044.870355309,227527878.86315852
Liverpool,60.62272476155221,3269320.5111536477,164331637.10614282
Aston Villa,71.07215498054384,2766442.7300686887,133438967.18242915
Tottenham,72.58043492653856,2584346.444699796,135414793.46465248
Newcastle Utd,61.094454069997184,2808127.5597966714,132115431.48759063
West Ham,58.39432858069132,2243724.9491775,127907843.96441072
Everton,57.708053435830394,1943811.9677343145,100338976.90793036
Crystal Palace,60.0467929145013,1682696.7121893708,94348296.69163196
Fulham,50.385823872299234,1893008.8794576253,90049607.64205417
Leicester City,53.88516715463221,1521663.2026594444,84224798.55624866
Nott'ham Forest,64.99062715309663,1620441.1142912298,87818285.24851155
Brighton,67.03823796626254,1551203.5738202415,85004382.16998781
Southampton,61.35985336922176,1391083.35459225,68636464.78841689
Bournemouth,52.12024238214447,1278426.0170126895,78060911.67423798
Wolves,72.20395115100987,1499058.0706182607,66468690.72815898
Brentford,59.5616230711219,1000388.5044604548,52418873.2780814
Ipswich Town,57.19274805022453,848665.8517687441,43384412.008699074
Manchester City,66.93063569476412,5484138.730275301,281743731.44797885
Manchester Utd,60.436954315907464,4342057.675077898,231904525.3397334
Chelsea,65.97567202498938,4317264.756603923,233313883.12770018
Arsenal,49.03620033157482,4600318.454775079,232317768.32940897
Liverpool,54.74817402322424,3368365.3806064962,165708010.8256977
Aston Villa,74.541971258288,2764487.404273557,155378198.43206307
Tottenham,61.16747406316576,2888366.6201301715,142119516.519769
Newcastle Utd,62.265559822444644,2652548.302840264,128161237.14322188
West Ham,59.2871988929722,2217379.7052531797,116646760.3051534
Everton,50.3047320329256,1949904.4441551964,88285777.71089165
Crystal Palace,67.06026796573089,1805222.396701762,94565874.71685095
Fulham,56.08001149624545,1592110.319408253,92340957.83080344
Leicester City,60.8435416405351,1545052.4676905454,79649950.60379277
Nott'ham Forest,59.764591226462116,1679125.0880304058,85121938.79937953
Brighton,66.30471537327892,1486894.4051580823,83459495.72596738
Southampton,61.885971307936586,1405917.636710954,68220303.52830024
Bournemouth,59.86036268507979,1278345.7308585139,75428246.67539817
Wolves,67.38679717138392,1264863.7843825223,76350586.00050597
Brentford,56.535144262151526,1042287.9914561525,59581453.9768371
Ipswich Town,60.25039162041263,802008.6840925709,43029798.041241854
Manchester City,57.05760279405338,5582576.384523769,260241568.0749947
Manchester Utd,57.550266417625075,5041484.676623355,225476552.02681428
Chelsea,71.72429974540688,4668170.63385213,218988038.06277424
Arsenal,54.12232909303584,4003913.2166774957,243302296.80173022
Liverpool,60.3478841935143,3240014.445399116,161916680.39164695
Aston Villa,63.273845656180164,2807897.966097516,151207067.13566145
Tottenham,66.39663628602395,2923885.510620584,126754155.35202365
Newcastle Utd,62.71106293629614,2799955.1981492005,144441347.17688575
West Ham,57.78869723765804,2504086.2844675607,123503960.91133726
Everton,56.89343697727375,1797500.028422648,94112716.63847044
Crystal Palace,61.62925281740152,1930457.3818653056,96412965.38391829
Fulham,54.56901433122835,1750727.6844733243,95682221.16543695
Leicester City,52.338601796966465,1603767.2182164341,80315486.49707565
Nott'ham Forest,63.203363206157334,1590523.7541232614,83613941.27353784
Brighton,77.82396682715986,1579575.692579653,84162814.02756757
Southampton,62.61164871267766,1362857.6196899659,80388663.06088032
Bournemouth,55.72077335720844,1381716.9478101328,72610744.21333373
Wolves,72.41211140480874,1491142.8766439322,70954793.97878218
Brentford,59.330834143213266,982216.917717145,58154528.8981555
Ipswich Town,50.414475092424595,935784.3066533483,43784856.07340494
Manchester City,55.54991679434155,5395812.648352407,279357368.74399567
Manchester Utd,64.03918855307984,4425525.304031372,221421408.9988865
Chelsea,77.2826844876309,4441935.804399478,214844504.02502593
Arsenal,48.69835958504151,4298666.929057964,218192535.0268708
Liverpool,65.66791991778263,3179488.749784271,163739399.61056018
Aston Villa,67.0199872814162,2958876.766256415,141806188.25255045
Tottenham,63.68621058954572,2468974.8930339036,134279397.43922845
Newcastle Utd,62.95553450829975,2605224.239757605,146262513.09972748
West Ham,49.266601269152225,2431836.09340889,117146929.73228966
Everton,54.96243154886561,1686380.480564989,93538131.65368024
Crystal Palace,69.14503946146874,1882869.3273461726,91463500.12480024
Fulham,51.85644820374135,1903841.0171922082,98564904.50490078
Leicester City,53.814225413801275,1561902.328003788,91210654.07124487
Nott'ham Forest,56.53674028164015,1531641.6554252792,86693456.92898141
Brighton,75.83060368184611,1701161.4631633929,75606552.699157
Southampton,65.07104160996415,1318253.7868538655,80847884.4914771
Bournemouth,50.827792001246934,1391427.8854505732,78463368.28765069
Wolves,76.25112079860071,1316855.5173663306,72976144.72676839
Brentford,51.433344837171965,1163644.721795197,56113558.42105705
Ipswich Town,59.38306027406482,900317.7318587364,46462247.245255195
Manchester City,66.05474051583265,5268972.139316247,294561606.14017665
Manchester Utd,64.77490915463474,4890407.285964209,238798417.16644117
Chelsea,68.08941947334137,4256310.839822371,212459507.6921681
Arsenal,56.089269103940005,4068974.938893313,206972865.3049034
Liverpool,59.18910479786664,3599238.5403935392,190110991.26714092
Aston Villa,65.91462697883924,2756770.1702949633,132971433.71965824
Tottenham,61.522495120792094,2613383.372137839,133791611.46139322
Newcastle Utd,67.82891275060823,2680817.537452235,145771431.6006364
West Ham,52.09729796892479,2305649.0478518577,130016210.49017476
Everton,51.707539548352415,1845766.8758900913,96496757.80215631
Crystal Palace,63.6387621323003,1928377.094653063,102318786.93558364
Fulham,50.515640873146246,1742303.9650225337,86721868.92164513
Leicester City,54.83901004754534,1535050.3315728172,91853074.03663397
Nott'ham Forest,67.33101505822573,1550681.588581332,86074614.62658912
Brighton,64.01845690609163,1744693.6766140028,84000515.46123211
Southampton,61.91108725864597,1438120.5921257015,75619996.70797624
Bournemouth,61.51971225216515,1482269.038223163,72369111.88674287
Wolves,76.22333127720438,1291216.3377143787,69450084.47510326
Brentford,53.76289710411193,1049867.5726351307,52220217.51330504
Ipswich Town,59.98699822922556,906937.2882301969,50037897.99379901
Manchester City,60.26180436232614,5147274.979542947,271035971.20864266
Manchester Utd,56.124924995695416,4399676.798522933,234659975.05115333
Chelsea,76.26877094084067,4537371.918257635,250689162.1898361
Arsenal,55.39248791522625,3991732.604216947,208516870.170686
Liverpool,57.514711119511986,3444484.661357459,159876630.27416864
Aston Villa,65.40870473578236,2573576.5761994645,148106213.32513812
Tottenham,66.97227628776614,2663726.6897319276,144722703.3623196
Newcastle Utd,66.29044302692171,2648436.8050421574,127419456.37984025
West Ham,54.98377726500467,2106892.387263108,119604865.12258069
Everton,58.505847695468404,1915096.473169709,91268742.85417035
Crystal Palace,65.07312435933251,1895491.0589596722,86493210.69479428
Fulham,50.623036509991685,1864589.4670592563,98878531.01923263
Leicester City,54.08878835924451,1825833.986326933,93768648.20795979
Nott'ham Forest,62.04780752214911,1506329.3831728818,76836761.36225027
Brighton,69.99164875634705,1488175.629762472,83390321.40828101
Southampton,67.8865924337099,1361036.5529715277,73025752.2529894
Bournemouth,53.998816280354575,1426190.9506319717,75648955.3609853
Wolves,69.33054383609509,1314101.493603488,68469411.75504138
Brentford,56.478228810187865,964775.1395640698,50726865.396952026
Ipswich Town,53.35002145494201,959325.221561151,48875388.71270571
Manchester City,65.47117233998766,4800852.4548832,289176056.0707633
Manchester Utd,54.33584178200547,4473342.13567986,240653650.01487395
Chelsea,69.31223784671099,4879597.085077554,227986908.2568989
Arsenal,49.04473968441548,4688848.5909584295,209256036.74641272
Liverpool,60.85714282708201,3565651.5992101086,178210522.64975286
Aston Villa,73.23627369380631,2970321.3024017042,146783865.88877225
Tottenham,64.19790488023519,2700928.017532029,128864349.05701831
Newcastle Utd,65.22432397655896,2425424.8368631825,137252312.96608895
West Ham,58.6840329554219,2139228.046152076,128461963.36468555
Everton,51.83168380572163,1911293.8385347072,90126520.86883298
Crystal Palace,61.695300314141925,1759982.0449249404,101667111.73528536
Fulham,53.80047600951273,1625270.1664287406,98003431.78001155
Leicester City,51.601819760285224,1822914.3324192604,84142069.72023526
Nott'ham Forest,63.048610346144834,1631048.044340439,86284333.80862185
Brighton,70.91712749938284,1676257.5455660573,75412422.44616112
Southampton,68.11780440269713,1441282.940248765,69397228.9835495
Bournemouth,52.97306926561124,1359242.0837730635,67815321.90269558
Wolves,74.99207926116922,1302754.550395683,68315337.75735767
Brentford,59.22316163390635,990558.215867573,60039425.09704277
Ipswich Town,56.0991325703185,827303.5561577566,46639352.09777046
Manchester City,57.79907733042305,5107290.893919627,248603391.04014933
Manchester Utd,61.72743804982706,5044296.391042831,229034907.78720045
Chelsea,75.69095107835271,4634819.803374222,238089020.06032953
Arsenal,55.698403852391095,4340093.386859657,234605031.48968485
Liverpool,56.954517680477494,3270065.38925386,167092905.84689257
Aston Villa,61.93373102826819,3008349.8764413814,152776222.48180097
Tottenham,62.65631172496285,2824173.973922936,127322643.983401
Newcastle Utd,57.25228749926022,2549780.813465708,146395086.19467536
West Ham,53.32080257669574,2158134.465580413,124281426.37034033
Everton,54.420113090769206,1817941.750848379,92782727.00983082
Crystal Palace,60.72318494583615,1909230.4337492033,88075148.83390348
Fulham,51.46699853521301,1825768.7110518073,82988929.58803752
Leicester City,61.5292640355911,1547457.0299447044,95121872.756529
Nott'ham Forest,58.04434731263264,1638478.3537174664,84562610.74661215
Brighton,74.87211865533396,1685497.2987864856,77888758.59517828
Southampton,70.2803205159667,1364518.9544715527,76726226.2639435
Bournemouth,58.07311112768177,1411624.7470486588,77806578.5861249
Wolves,75.5525382301715,1326752.9781447444,65285555.07175731
Brentford,52.375410776195125,1082338.6165364962,55026137.59957958
Ipswich Town,57.32135639948212,877435.9112260207,47014647.73497143
Manchester City,57.28809975877742,4882592.26211538,248503511.0169393
Manchester Utd,61.91717819023594,5022979.912175011,245113124.79990593
Chelsea,73.99363915808419,4408605.250370687,241632010.17619726
Arsenal,48.018422782896735,4705519.262542799,248374135.19370425
Liverpool,58.2704771626004,3047894.560585743,180211613.2850316
Aston Villa,74.61609442604002,2628334.758351239,131947599.18298669
Tottenham,65.68458906675237,2448607.87497023,127358598.07343143
Newcastle Utd,62.752026659423684,2814291.763532153,128832444.84915452
West Ham,52.31408815625908,2191484.7999029197,109173390.33286878
Everton,58.59298457167783,1744058.8545500431,100387403.87952639
Crystal Palace,64.07871245982767,1647964.9210849137,95504451.58694741
Fulham,54.94075556579323,1713457.5203508874,92887531.62076293
Leicester City,61.24855307492225,1676620.5740017323,80347333.48039123
Nott'ham Forest,59.61878060983645,1567229.7512149247,92697477.88451011
Brighton,68.04363563879521,1612505.7723744274,81755745.23574607
Southampton,72.12415400709943,1383413.5467422218,75204347.24240923
Bournemouth,52.12270007397635,1413266.6084213336,78154277.17656137
Wolves,72.7612857809811,1461555.0649079208,67310060.530162
Brentford,53.030725032099596,1155847.6899255046,54140294.965584345
Ipswich Town,59.83014995493593,967411.163486629,48219138.10194915
Manchester City,66.4204418251523,5049940.870882681,253345913.16991535
Manchester Utd,64.38054442822154,4732174.172543805,238257148.8417681
Chelsea,70.52596971715809,4846249.520156263,232681927.32334733
Arsenal,48.21999031216176,4414346.366927429,243115468.60875306
Liverpool,57.18915354768758,3524158.367818243,179578748.0990798
Aston Villa,62.931696234453895,2642937.9312483096,136766199.7568996
Tottenham,69.14492557943845,2586116.3301113197,145882439.69282869
Newcastle Utd,65.70731467423295,2803131.1362214414,130362303.90918233
West Ham,57.33106087676636,2229585.836210198,124510870.61219013
Everton,55.11554560500961,1799715.0002626213,105094659.48136921
Crystal Palace,61.329846919574166,1858740.7245379533,98067938.84615032
Fulham,57.16470642897082,1887753.4915571173,89721586.1577869
Leicester City,55.519872454655015,1786087.0229973902,82569984.87235199
Nott'ham Forest,65.53816967193693,1570907.8519600586,93644678.27534524
Brighton,73.12885155231969,1616035.2349734816,85342015.74507524
Southampton,74.31748934788897,1378870.4954320341,75053167.53528234
Bournemouth,60.1792293430335,1348121.1791386432,68911478.74941918
Wolves,74.08785595362129,1269529.217997635,70015517.44760162
Brentford,54.56586101896602,1020418.8450478156,51897799.88789813
Ipswich Town,54.604673249815974,889557.532686407,43969482.860182755
Manchester City,57.98723472742627,5268463.447845941,260637419.6014541
Manchester Utd,58.697722264075395,4414306.973408541,252646673.5811375
Chelsea,77.81217095086043,4547074.070105289,219157738.72527292
Arsenal,53.61113507111166,4028874.720181679,224852883.77873215
Liverpool,60.366208930181344,3624792.5203359197,162872483.37425485
Aston Villa,68.32120623406968,2685093.281273101,143170870.3064108
Tottenham,68.85216095960243,2451463.063020598,150241254.29690257
Newcastle Utd,60.60943959654844,2866694.1366671138,125330222.37096421
West Ham,53.92726047381186,2327844.7820096477,116588655.38649592
Everton,50.233968612471294,1885944.7344539498,98904311.85928208
Crystal Palace,64.49623127209982,1624920.9594892026,99064139.38131309
Fulham,53.494312850826134,1744401.6696279992,88640186.02081703
Leicester City,52.94042420982255,1823574.626996388,84689609.84564742
Nott'ham Forest,57.52133279117105,1516385.193407004,83102418.52190982
Brighton,69.61272527597775,1609805.1257151486,80369569.95171285
Southampton,68.26020755787742,1369086.0974325591,75539207.4939482
Bournemouth,54.92064891780965,1551491.3679033583,74254480.4812629
Wolves,74.53716934898384,1346383.8011768425,77450367.16950555
Brentford,54.887663086884906,1150581.753318895,53409637.11399902
Ipswich Town,54.488879556801095,842580.0173564943,47583127.39768647
Manchester City,63.282012315104446,5507941.453544454,256303082.68368936
Manchester Utd,54.611647499863615,4335627.338402075,240531357.945456
Chelsea,72.50804506667438,4824760.549644327,223985292.48856536
Arsenal,47.519710424454075,4246912.5612318795,224155408.69834402
Liverpool,64.78733711827942,3404164.7496390697,164768732.70447838
Aston Villa,71.70161955857986,2524344.5177477878,158653227.69056213
Tottenham,69.43068645378878,2850016.9839879237,137793626.50372943
Newcastle Utd,59.23001498954076,2687563.5104070613,134656455.3674558
West Ham,59.178952191931195,2171751.72237284,127166391.25733961
Everton,55.60929163206232,1835810.5857262257,87196730.71976355
Crystal Palace,61.281431855117205,1737042.242599861,94487491.00042011
Fulham,52.53994180610346,1893665.663429933,83190170.15996015
Leicester City,62.69477371865829,1825098.3325700131,81347078.00669536
Nott'ham Forest,65.54781404346632,1658321.9423902528,87166323.73599288
Brighton,70.08542126582984,1479678.9276774267,83843882.88641608
Southampton,68.36840767320064,1406613.5025909967,77393346.71962322
Bournemouth,53.628783728626615,1444671.3967185887,78756465.84397687
Wolves,76.8630135021302,1412750.6229271977,76638483.36236255
Brentford,60.949391247544774,1152747.2372068402,50555695.62401121
Ipswich Town,52.88626478899457,909259.0081573046,43561394.32863293
Manchester City,64.7764045549959,4748130.207228715,296540949.10588986
Manchester Utd,59.87620819627747,4878121.20401542,234457012.2055827
Chelsea,71.72669806423114,4345077.255898249,217226778.91618454
Arsenal,50.13948763094837,4794719.16979437,241698024.25856525
Liverpool,63.51907231052688,3645322.666419725,169686655.69828403
Aston Villa,64.23230391965468,2757151.867533633,131464059.75864391
Tottenham,64.85056694163403,2788038.493965296,129321366.17877446
Newcastle Utd,65.25815403575413,2722810.171039467,146365584.92506146
West Ham,50.73122709140013,2406159.6932032523,110193416.02600008
Everton,57.970093684085164,1823266.5450962386,92474843.21937679
Crystal Palace,63.511386042104505,1829537.8720143863,89775269.54220039
Fulham,49.24206647757254,1671732.635954567,82908279.8831544
Leicester City,58.45456470575519,1761440.7469459136,81658978.62907495
Nott'ham Forest,59.37275340651378,1781500.2905115418,78557747.60300928
Brighton,74.39584814698065,1488373.6225286417,80599918.23973131
Southampton,63.97885829990461,1329578.4183824714,82534032.38449897
Bournemouth,59.90456478598013,1449734.358189539,75983729.48874223
Wolves,67.8687606021372,1484863.8044138972,64364765.466993846
Brentford,56.82641873797896,1154253.7661020877,58471283.79272471
Ipswich Town,53.95672113215363,838759.3487401201,48922896.77435175
Manchester City,64.92515314076407,4925199.994375747,252443054.5106047
Manchester Utd,55.60609715732478,4291405.062579075,237789295.475301
Chelsea,71.61488718852563,4664758.905341001,244394780.13112435
Arsenal,55.95036073220633,4391290.931690823,208127108.88292718
Liverpool,61.99412373819282,3310762.467563154,161313926.04199544
Aston Villa,73.23099785565286,2840837.696064302,141279644.60293204
Tottenham,66.1026754619976,2925635.2313324073,132494738.55813111
Newcastle Utd,58.058739787978475,2493412.2991435393,148805900.66328755
West Ham,49.35167166929487,2482691.8416902735,123097599.96652639
Everton,51.03020866602098,1798962.349745525,96414586.17982224
Crystal Palace,63.32586757834655,1791016.4395050614,101007973.72076045
Fulham,54.99610684492089,1869097.4649594182,88788801.88140479
Leicester City,55.056356899075794,1556669.9162896813,95649611.52558921
Nott'ham Forest,56.36651974671407,1501151.6453737107,89163927.11847499
Brighton,66.01056528882856,1627221.8423831663,86367267.76682548
Southampton,65.68978742100306,1523370.309728555,73354145.6196094
Bournemouth,58.28966382803772,1338955.0271124686,68197748.09424928
Wolves,69.4962607571714,1332935.7182805876,68953372.89484169
Brentford,52.54867062128538,1041006.0528515858,54884895.78584489
Ipswich Town,59.87426089095061,957980.7225389404,48692810.217068836
Manchester City,59.007527007032095,5535036.039119575,272458012.3207764
Manchester Utd,55.19910300719853,4903247.260914802,223577253.29381928
Chelsea,73.89165401770113,4180921.425961711,251835993.43052062
Arsenal,55.710357660471175,4656989.602050823,213367986.79432473
Liverpool,58.74852108973714,3179833.247812487,173157336.63598555
Aston Villa,62.79361135055739,2935421.4647700265,135631140.850917
Tottenham,63.293400492301025,2505152.912763425,127105837.60647674
Newcastle Utd,65.78436162336021,2567819.1594864535,130350453.98190507
West Ham,58.10693085146951,2543843.7137947916,113153536.4147805
Everton,50.6514976442176,1694220.3979607858,101306512.62937836
Crystal Palace,64.02592586576526,1767187.8747137056,97776586.75928266
Fulham,54.383074208706965,1804851.4842155648,100374400.82533897
Leicester City,59.75834948454661,1583162.2341263383,83908672.01455344
Nott'ham Forest,60.16148333652111,1650694.7431572615,89463024.63246953
Brighton,71.01459566506868,1540301.1809455769,91454647.36903529
Southampton,67.66105678504773,1463479.347134758,77869447.54698204
Bournemouth,56.481186779033386,1528797.897132027,71535170.15731499
Wolves,74.10216561898517,1477018.5135841859,65722884.6051174
Brentford,56.40646839523182,1164770.5370975228,58725512.61963252
Ipswich Town,57.861633125336425,890521.8691881044,49994555.301217526
Manchester City,65.27828614628899,4714069.022085004,282025192.2982112
Manchester Utd,58.130739161802516,4314664.697934311,236200846.09178153
Chelsea,76.60225568352277,4523134.334509372,251817164.2577188
Arsenal,48.301136871309275,4450484.123022864,243047552.0358976
Liverpool,62.86620966276667,3411619.9245558097,181926317.95715567
Aston Villa,72.93762184875443,2583398.3454507343,150071484.681806
Tottenham,72.20619664905284,2634759.801340051,130105800.59854703
Newcastle Utd,65.19023259133243,2811343.4068543348,147758322.25431302
West Ham,57.16628714958962,2313060.2026838777,123499072.42645578
Everton,59.15654446069406,1826362.998170922,99961638.96270244
Crystal Palace,66.82593826100081,1733134.8656834937,94307751.04703563
Fulham,49.068205780043435,1650755.1767541857,99734583.26331939
Leicester City,60.5653892060154,1638449.9894594317,88147485.58701654
Nott'ham Forest,61.21501487848324,1494247.8696649026,89186030.75708899
Brighton,75.57659762285199,1444830.3729970723,80830343.57369949
Southampton,64.77397066580087,1368230.4799028644,72689030.859998
Bournemouth,58.016972772211,1492979.3525803227,79725174.48447502
Wolves,65.59360935314757,1442603.1612433158,76553248.701828
Brentford,56.725551409614056,1096629.600137211,52126566.49005361
Ipswich Town,52.31970015150049,896984.7463438816,43676603.727347165
Manchester City,63.19059503011742,5323261.044736407,291020292.2467127
Manchester Utd,62.91796365128548,4999670.217301331,259625427.152104
Chelsea,69.36179517472536,4185287.830827238,230187665.12014169
Arsenal,48.91629988487711,4147711.4524924513,217490369.6479048
Liverpool,65.98349076760641,3365754.984660562,184374663.01622018
Aston Villa,73.92391346039307,2625027.8754534507,133674059.04928039
Tottenham,72.29234995199732,2820452.17136696,152668639.69153032
Newcastle Utd,63.1803982208768,2509126.536141085,136116084.76175392
West Ham,49.68392853168505,2559730.2989097754,129636077.95804405
Everton,57.567199122898764,1921075.0300298182,101243686.84842347
Crystal Palace,62.96983217458443,1760106.1679929842,102166819.89085802
Fulham,57.281951528125035,1634337.3014249406,91369111.16126846
Leicester City,53.64264624115114,1604921.0982005137,89978786.13548265
Nott'ham Forest,58.5669340265691,1636349.3812153633,85669210.87707347
Brighton,77.78184668019715,1736882.0092846202,88432242.45447327
Southampton,67.42519842545428,1552705.5900696474,80184584.20370491
Bournemouth,51.89895999077075,1536583.3376127426,79365079.9812436
Wolves,66.43731289668646,1478550.0728491072,67505366.39674415
Brentford,55.47207481811322,1062481.5807259595,53148244.10200468
Ipswich Town,54.390676657596394,910382.6616989154,45289617.547002085
Manchester City,64.53536280311754,5344468.233742153,284027173.2740421
Manchester Utd,58.561192202433006,5062560.13454564,238668233.38610816
Chelsea,76.22286524179893,4233343.788022176,218924556.0378606
Arsenal,49.54334543160758,4059349.222954918,246772678.64507666
Liverpool,58.84052593788785,3044423.3701582914,188488784.57549194
Aston Villa,69.01862508899839,2644422.7918883814,156147921.93220645
Tottenham,61.50917802752875,2969325.802881475,144465404.4002925
Newcastle Utd,62.86014320248928,2552972.2587663913,136025079.55313724
West Ham,53.39068002682087,2313738.1073987545,112507327.56655103
Everton,50.55097786115609,1762925.140756973,103778129.63396478
Crystal Palace,57.023958014383844,1940788.973595071,96953935.27318989
Fulham,55.35055969690812,1877724.3960109733,93417930.0695236
Leicester City,51.90362222965158,1689673.2738024567,81061478.50369571
Nott'ham Forest,58.373825656954104,1770300.399347129,82668063.21020031
Brighton,70.75681538668498,1668615.223752828,86720390.38122272
Southampton,61.28715185438412,1461468.7065109403,78002266.9836172
Bournemouth,57.58469014243846,1481901.6616866319,74589401.06638646
Wolves,67.5956601341263,1431719.7498611312,76195314.32880342
Brentford,60.930122748384484,1035480.8254209328,59243139.92713099
Ipswich Town,56.780535636491095,965978.0456055169,45770536.90909317
Manchester City,55.00521879552164,5620752.365125843,297320164.9112958
Manchester Utd,54.716677152029206,4868849.69963089,234528146.75295106
Chelsea,72.16041388102921,4030393.647703218,217146344.66033426
Arsenal,50.36708055551501,4464517.042983066,228263960.3919073
Liverpool,55.96922971895638,3086088.8125085724,169845851.64487976
Aston Villa,61.74558189253451,2924301.628074063,131741821.3634417
Tottenham,64.57907587818063,2929767.6970231063,141953152.50379476
Newcastle Utd,57.5283239712336,2931850.3408307345,139818350.3912708
West Ham,49.98319727998841,2560566.397977446,123414372.79642247
Everton,57.023871829584195,1815730.1409005462,90822270.02658376
Crystal Palace,68.89948450815318,1627834.3523737113,88056742.21098393
Fulham,53.38916999141249,1843598.7428943238,89645513.06822367
Leicester City,52.50650352484233,1823478.7802462876,82503302.89814119
Nott'ham Forest,56.03445974544337,1498607.8263368583,77273854.38755366
Brighton,65.59856608204436,1494986.959650728,77228826.19716144
Southampton,73.9442638283763,1398733.4675046692,81412268.04118553
Bournemouth,54.27275089866164,1314418.470894421,75610414.44846757
Wolves,73.76300847458299,1253703.3372072761,71960192.09588784
Brentford,61.20033195034042,1164628.1267063413,52612185.70192867
Ipswich Town,55.37107287027868,854789.68813323,49182257.237142
Manchester City,62.600240759419485,5615721.1351377005,268334143.50680134
Manchester Utd,60.876614252013866,4990476.9336353075,231477560.07086462
Chelsea,74.23113791036393,4874426.912091172,248769482.6431018
Arsenal,54.154857496300686,4392891.72464876,246290439.8903224
Liverpool,65.90342019859709,3645778.854977821,190067969.5042105
Aston Villa,74.61342035119598,3005030.880061303,141883350.33584172
Tottenham,59.724241239612404,2892247.767386222,142954463.8517968
Newcastle Utd,62.46037440337739,2427212.18894874,135655801.12406924
West Ham,52.63330463220322,2410811.547265627,120841220.84637351
Everton,56.53804925985189,1763848.7222457335,103241194.4324999
Crystal Palace,62.190256369939476,1963564.0050316232,102851133.11255412
Fulham,53.53248882092309,1660352.7730432206,91426203.1409864
Leicester City,59.54477461801434,1597241.7644504637,92324839.39941338
Nott'ham Forest,65.43450130807936,1599054.5069169512,85673470.5483024
Brighton,69.52491962773256,1728673.375361335,89538938.8641979
Southampton,73.175734763892,1569527.0047670472,76902235.33256081
Bournemouth,56.4014983560469,1550685.3948249705,71664494.43305904
Wolves,72.31015009494755,1411773.0204411524,75965362.63456082
Brentford,57.498912753851315,1116639.2450301733,50761093.41676036
Ipswich Town,57.22250514224368,902322.8955506198,43596182.62051769
Manchester City,63.171264019468275,4810546.702740323,297808095.8520704
Manchester Utd,59.321031462142116,4284616.922500249,244817669.897744
Chelsea,69.76668844898339,4171691.811008606,248125918.43754393
Arsenal,46.103674103751686,4272523.122885692,231666812.54775307
Liverpool,60.061768237366906,3052640.732376766,165155218.0798767
Aston Villa,62.05801086775334,2794998.0997129143,156668296.0861352
Tottenham,69.60876205191096,2457403.0342678684,130882187.7320886
Newcastle Utd,59.72010536862562,2672468.2897390057,131242877.69192065
West Ham,57.54615632057974,2350050.200774296,127661939.21763024
Everton,54.504622826356155,2021240.7192103814,103040498.64910951
Crystal Palace,60.62323255537902,1710283.003180323,92940031.39996287
Fulham,54.59013596731615,1764145.6883748898,94421770.3582132
Leicester City,55.594302469722315,1649532.7604022808,93712707.77745557
Nott'ham Forest,68.17298757951887,1641154.9168472674,83642570.1031397
Brighton,66.45478380058091,1469885.9605562564,87759631.73517449
Southampton,62.45469774422645,1421945.203247444,81908456.04847118
Bournemouth,56.270845404208046,1455881.7013906299,67338472.12661767
Wolves,75.41550122291089,1242796.9694797762,73129516.7101208
Brentford,54.19238378208748,1113648.9402121773,60864182.90475825
Ipswich Town,58.07478951755088,855682.3500221556,46858608.38648806
Manchester City,60.26215973228016,4808305.89239746,294908210.9971486
Manchester Utd,63.00845108357299,4466274.253697797,265449225.9481735
Chelsea,67.156824239004,4192708.4812218095,219825319.0160112
Arsenal,50.33833582984014,4786293.010739834,240539129.9904878
Liverpool,65.71351602759638,3426667.5267087272,176806834.048549
Aston Villa,62.23851381689106,2666206.8273957176,140499748.01124343
Tottenham,66.98209562814415,2704467.774214097,152971436.34805492
Newcastle Utd,58.83804845950719,2859130.4943479197,126291310.69194193
West Ham,48.606056112983474,2261392.588433755,126335951.19727984
Everton,53.171198432254634,1894344.8230060707,89231964.69352211
Crystal Palace,64.8508079900579,1633758.0637640355,89081930.82636058
Fulham,53.6902366855405,1609558.4288094996,83256203.42342114
Leicester City,60.15602139337205,1684289.0824646228,91213386.27661292
Nott'ham Forest,65.39737451357973,1588034.660100464,87970822.78981517
Brighton,68.89583274597483,1692606.9110610755,86789184.15506892
Southampton,65.66392459305288,1582265.7703253594,74789517.67345403
Bournemouth,51.779843136134694,1492820.8513444,71856031.75525452
Wolves,66.4388336144854,1399270.354728349,66715295.76625402
Brentford,53.63274915501199,1076803.894879625,57402182.9913824
Ipswich Town,61.210361250210596,924480.9042123995,41769036.67573934
Manchester City,66.4630287402167,5533600.879873076,291627694.2994489
Manchester Utd,58.21104676542109,4314009.68017435,221560333.70924714
Chelsea,70.05454867478856,4081674.9468949516,243901608.73260447
Arsenal,47.287328766946494,4637263.751967911,230949548.80459535
Liverpool,56.87728615021506,3078588.868007337,170314075.77030677
Aston Villa,62.194813870970606,2752777.8315264266,138197636.00333992
Tottenham,67.98873338866622,2803795.2837574957,148573977.51889575
Newcastle Utd,63.31362286012607,2833241.365913173,125906037.2861445
West Ham,57.184628354803905,2221743.3505155966,127862518.59080426
Everton,52.96889063235083,1686814.6798540698,93155827.37779287
Crystal Palace,59.23435352091617,1802501.5492173452,87616285.89412177
Fulham,52.908075024355604,1880113.317801814,91383921.55315018
Leicester City,53.11126060476589,1551011.9924624877,83038045.77265191
Nott'ham Forest,60.922396802633244,1500150.5065043126,86968929.52596286
Brighton,73.23536947199297,1531386.4809809464,87849399.68074155
Southampton,63.02527645231093,1328767.8089130812,74549257.06564064
Bournemouth,56.14049488155332,1435217.0162838742,72137521.24496193
Wolves,63.63203434523056,1286657.511461764,69259427.05294846
Brentford,52.65727016021423,1147586.495611319,59090618.998158656
Ipswich Town,50.94700407315827,958709.0838703937,46491461.1111436
Manchester City,63.153032577167814,5191876.0877782665,280497664.64544845
Manchester Utd,60.645409122179856,4848718.252653136,239725347.90716782
Chelsea,64.81233851439947,4211575.664411695,243932760.989524
Arsenal,55.41376280461289,4220113.00535801,209192733.39884442
Liverpool,57.243880671589736,3397318.4592717807,159011677.94870302
Aston Villa,64.74379629446857,2666254.2956044064,144650805.3940857
Tottenham,64.39755244753498,2956378.594988319,127147874.68403089
Newcastle Utd,59.60289252408582,2588992.04860498,139036627.38296184
West Ham,56.43762564974646,2409943.506003298,124419245.62022479
Everton,54.30141386864504,1961805.001593351,91368803.27428623
Crystal Palace,60.14510281571666,1664224.378793688,97222449.8816934
Fulham,56.35449545754822,1931610.8335623604,95787527.70610373
Leicester City,52.65955237675211,1551024.0577182043,89416924.19137713
Nott'ham Forest,67.68517005772411,1614424.7127426378,80450207.5701152
Brighton,77.79492286827595,1574035.6402837397,86806078.43464662
Southampton,62.46969492839369,1520255.7137083653,72390380.7420193
Bournemouth,57.410101019721544,1375897.6031185284,70148950.18154003
Wolves,76.56729011473341,1455571.003572939,78293864.23997545
Brentford,54.316244010783024,985674.3645874719,51445717.00581493
Ipswich Town,53.36259577226266,894718.8280980509,48863400.60288523
Manchester City,55.36789884117335,5056269.80569154,252063229.34078085
Manchester Utd,65.43320393025647,5055416.674473219,221909413.39109114
Chelsea,76.14531157064228,4591159.413921527,222748108.33926105
Arsenal,51.34421721457782,4715039.361991655,243861517.96160877
Liverpool,58.604582927623646,3549673.2582483245,181496449.59607276
Aston Villa,68.69858672860263,2726330.092224751,147661812.8815328
Tottenham,61.237130404476225,2725074.7146770037,133204237.41934831
Newcastle Utd,63.2265584870798,2838490.2765738606,130988352.21322128
West Ham,54.415610844047144,2168634.836606,117020408.15117124
Everton,51.205414317702896,1786379.4850034842,88135623.40492928
Crystal Palace,61.88912931703805,1919107.9296653543,89547742.51930119
Fulham,51.10639448508524,1866489.5583465842,94103512.52082866
Leicester City,52.5547071150272,1526978.0525980664,95383134.20468993
Nott'ham Forest,61.15807562619378,1491501.036414284,93145699.9161599
Brighton,73.23441629710568,1593654.7439971853,78408778.95571333
Southampton,66.41194913730773,1305692.8539349346,67924221.58849218
Bournemouth,51.68313724418614,1326544.757656942,71329389.20493846
Wolves,75.65886899877422,1344506.5358673637,67640619.1478874
Brentford,54.21028040478785,1162806.2729652594,59719790.69700532
Ipswich Town,53.30722372753894,905505.7046267475,47257266.01280398
Manchester City,60.48324970495362,5057065.736932947,297654234.1795866
Manchester Utd,54.79907763676299,4330395.629370398,258530588.06289494
Chelsea,69.97523173813704,4237900.768637542,242400035.33202186
Arsenal,47.17556524377271,4237132.893751413,223982017.1651529
Liverpool,63.72646627731918,3243535.0614304636,166619321.06928498
Aston Villa,70.53220141941819,2720300.5372545864,141207755.89188704
Tottenham,67.72685454633046,2438794.319883939,140679830.67500538
Newcastle Utd,58.13169064220865,2679035.2365012313,130255913.92754774
West Ham,54.243497069416556,2463693.385004955,122008816.77504241
Everton,58.098219909293775,2008452.4911425274,101876667.2944607
Crystal Palace,63.05205536792726,1923758.5422956974,94599797.27433431
Fulham,52.707860892491375,1852279.8151231168,83615796.18360719
Leicester City,62.36723948749303,1565336.6318595328,81531486.31788987
Nott'ham Forest,59.083858186676764,1580983.264557513,81530425.00805321
Brighton,67.14802869929147,1466519.9142926726,77584612.13445981
Southampton,62.32993138026465,1554743.9237167505,72986919.08794229
Bournemouth,54.00887430575512,1462524.8583207938,66986928.31918082
Wolves,76.3977617151072,1307062.8955846033,73182206.48232912
Brentford,53.49517161321737,1088021.2182289697,58521294.0750177
Ipswich Town,59.17076071676891,824491.7873854556,45312914.43391111
Manchester City,64.4640164895906,5262843.1367040295,291830719.2885155
Manchester Utd,64.41270392820111,4599929.277067881,259189231.0728868
Chelsea,65.12195827848873,4046377.0378489667,217799701.66743684
Arsenal,56.054475242963804,4284838.034416223,248884218.59734458
Liverpool,60.817068299207165,3181919.2626190847,169482679.11304423
Aston Villa,71.36710093150485,2685545.0539278784,145792318.20038006
Tottenham,69.202273202138,2503090.6200696942,132675085.55619198
Newcastle Utd,63.09142959968467,2662868.393041092,150830889.4413162
West Ham,52.84295635234971,2225084.744935746,114493931.096413
Everton,57.71629542094466,1931707.1366174782,93894038.33597834
Crystal Palace,64.86212701252238,1667336.9170026057,89047737.52677268
Fulham,55.321715207455625,1845539.9082203314,93082692.57925709
Leicester City,60.51531887542791,1614731.868596261,93670071.24340144
Nott'ham Forest,63.066614698963775,1578587.8516678072,83641654.24096797
Brighton,70.88481781533744,1449125.249597822,81345001.97686705
Southampton,68.2986290956474,1424392.4693834987,70998537.30619909
Bournemouth,61.542264326233756,1313479.4307813663,68888666.93765426
Wolves,63.60663388523959,1370753.8527385278,73569966.05291049
Brentford,62.19416926375325,995218.1607548785,57972817.773901075
Ipswich Town,59.28279036586399,917368.7623610117,43104805.030311994
Manchester City,56.54593213619053,5206804.075942919,285775830.0509129
Manchester Utd,63.80439428168331,4753790.202468326,227523860.74368235
Chelsea,70.38089827989361,4838090.662422176,237859885.4480314
Arsenal,54.91417024892302,3948610.218891426,222192177.00879875
Liverpool,61.39731746163281,3333185.2775462107,159253545.35838088
Aston Villa,62.833508850689995,2661964.336924408,156454591.16717872
Tottenham,59.601258788458416,2782190.704839829,130636696.18599375
Newcastle Utd,63.2647760778571,2712063.677633056,146442578.37622932
West Ham,59.21420983401183,2409310.872722294,111809768.58388273
Everton,50.90150781417208,1661254.424861886,101772982.03176394
Crystal Palace,63.249829043143414,1656066.515055026,87217859.06692074
Fulham,51.30757822134838,1590259.6689833226,96379508.0578095
Leicester City,54.35540993109309,1567944.062717879,85137215.9952449
Nott'ham Forest,55.958067723700196,1724874.1923632098,82888509.3104379
Brighton,72.50010432724596,1746858.4231219965,82061239.01048371
Southampton,71.84280637861856,1543436.207153307,76339028.64693385
Bournemouth,56.53548583514524,1362462.5545664423,75297691.45000535
Wolves,69.09337130721245,1266675.1289149413,67033882.82762581
Brentford,62.42807519779439,1038539.4515583462,54024706.58345566
Ipswich Town,58.16802263294566,834688.3665874574,47150910.64463496
Manchester City,56.690287267968216,5487070.256106633,283644614.70023024
Manchester Utd,64.02318822095391,4940237.164542358,232260652.9138815
Chelsea,72.35856440425324,4377657.177542903,219063400.93495342
Arsenal,52.07954369830582,4519255.625498095,249077086.38785696
Liverpool,62.54428332148875,3534467.431945501,158693487.28379667
Aston Villa,72.03578062949644,2990825.507233755,151734718.58289406
Tottenham,65.88986558085566,2651873.233196347,134016811.5704553
Newcastle Utd,59.60207999188204,2426083.4759220458,128467227.93397951
West Ham,50.24600862985322,2236221.561404245,119296864.70008245
Everton,57.0037391713904,1827658.637018909,104417305.22911434
Crystal Palace,67.72900082283955,1858184.3704769243,92592602.22555922
Fulham,49.12817368972494,1818154.802018182,97559929.31157011
Leicester City,52.48463131690119,1685478.8523377676,90312445.767916
Nott'ham Forest,60.98333232932966,1508778.5847303532,88330627.07778056
Brighton,72.8992902887358,1692611.0829899325,78748236.12904565
Southampton,70.73020272360476,1331162.3402839561,74628732.6022125
Bournemouth,51.24832480920239,1378369.3025425484,71874268.07267319
Wolves,66.51054133454448,1404295.5121003815,77393069.10138482
Brentford,55.226864446373675,1160660.2645295586,56738744.35618268
Ipswich Town,61.20318843494759,844057.9163163864,43277014.286073744
Manchester City,66.85918472610557,5540893.602134792,258163996.62120432
Manchester Utd,56.61871225646046,4876129.91046011,257237606.7305312
Chelsea,68.30869011270923,4556859.931613768,234660329.74823892
Arsenal,47.62277223142631,4292861.867346412,209041467.20593348
Liverpool,64.90061147305666,3041746.7210538276,175171089.15445006
Aston Villa,62.20578158292334,2921524.3619039073,142462247.6021343
Tottenham,61.217183142868784,2913331.0583595927,142343769.14088547
Newcastle Utd,66.60758752613233,2615174.237552204,139778304.9330325
West Ham,50.99928428969853,2106398.3564862353,110152295.37189029
Everton,56.566084528748505,2010018.5140263468,97745374.42372355
Crystal Palace,64.03900002854077,1960807.7518473756,99313085.6245752
Fulham,52.34762251293036,1871605.5264630031,86368180.89843538
Leicester City,54.21414113799827,1670017.0803445196,80996234.98878269
Nott'ham Forest,57.764782492747194,1778527.843394188,76905892.35230955
Brighton,73.97723759566091,1495716.8359204785,84749029.77311006
Southampton,74.06599882736806,1437667.369391565,69575658.24150921
Bournemouth,60.368223743603075,1380153.3670302425,74649920.43612695
Wolves,74.49171617752798,1250964.056952936,64822134.029216245
Brentford,59.28870495043956,1125771.5387694435,58490099.98393716
Ipswich Town,52.873252493865785,814422.589547648,46245348.49692045
Manchester City,57.55522937747299,5112967.541526532,265107079.4636094
Manchester Utd,60.59264119012735,4829652.466830805,256920595.7395903
Chelsea,70.78969381864006,4881903.029806075,217478898.31109315
Arsenal,54.68306550648296,4021102.507731906,223539145.27085894
Liverpool,54.046559487363986,3148504.840733907,172438975.0027718
Aston Villa,63.122069479532726,2825083.148387,135724447.15071163
Tottenham,61.034353401728545,2832998.816220404,144040154.7414504
Newcastle Utd,58.61506219717478,2899973.8289007223,136568616.30791637
West Ham,56.98282046140936,2139876.223038615,115810078.96752448
Everton,57.84459231767548,1881569.0513982323,103954257.69346362
Crystal Palace,67.21390652896521,1657530.4294301206,86825006.68429133
Fulham,56.998655614552604,1651972.2112679153,85332671.93172881
Leicester City,61.2183042998235,1698668.3933668484,80711892.2299595
Nott'ham Forest,59.10735059854173,1728548.0308368134,80274596.52387017
Brighton,67.43654082130162,1641125.2863049952,89206784.65339567
Southampton,70.97742755890278,1309447.3171257672,79727530.74428727
Bournemouth,56.916603683523135,1273934.4654756899,68625223.10052744
Wolves,75.97211799192866,1350831.7486029542,65178585.74052048
Brentford,59.46672271196272,979503.3621604844,57398084.646621674
Ipswich Town,57.39497013353517,830136.9692827968,44218119.84727791
Manchester City,60.71731820569923,5067573.750085162,245249416.35733497
Manchester Utd,65.6554507499762,4646262.750065545,261997384.51622042
Chelsea,69.85464869967684,4519120.668386667,217005653.41055304
Arsenal,52.2456510497204,4577187.935203119,218233946.97040406
Liverpool,59.65522488209706,3218248.8138464335,177263850.12271112
Aston Villa,73.98522292377142,2680772.19792423,130454507.60453941
Tottenham,63.1121807313121,2558211.7708870987,150832496.21123132
Newcastle Utd,64.94378536076655,2512332.6223174557,145340459.39156726
West Ham,52.4393789854054,2314339.0310925734,112377354.71159104
Everton,59.22013884708467,1738658.6553545848,99923954.11004725
Crystal Palace,57.38025534594311,1778411.659665218,94763665.59506375
Fulham,47.82138391725906,1880353.0182049717,87325738.19020225
Leicester City,56.196274403977284,1630511.279409783,90967627.45577942
Nott'ham Forest,66.89768781742418,1725109.1419618605,90017797.86333512
Brighton,65.3950917385499,1639359.3101810375,81820547.24406447
Southampton,69.06233300898914,1402091.6873618823,81183975.6436894
Bournemouth,61.01861465251616,1340901.7893306778,69936638.23637451
Wolves,63.300353427437535,1393513.5230050485,71756226.5511796
Brentford,54.622500956494555,1082531.118015355,50412626.81273147
Ipswich Town,53.8201089806389,912015.6375688836,41390789.45593004
Manchester City,63.210790074679565,5230953.195999932,289008167.0720808
Manchester Utd,65.41493053598104,4502882.176349206,259322035.44562304
Chelsea,75.63046078517948,4249649.530462119,244841634.93738484
Arsenal,54.29930295185133,4342994.996746083,220806325.34679693
Liverpool,60.81471862193561,3071117.710534541,184703177.6720631
Aston Villa,64.61335063426709,2911579.6171584246,130377807.17196271
Tottenham,64.5092366904314,2841612.489050006,129680169.10101813
Newcastle Utd,58.937913051797,2704248.9828800242,138690548.79486832
West Ham,54.87927797610725,2400053.6129237167,109311344.88946848
Everton,53.39132972282291,1801598.2562124992,90807647.10850282
Crystal Palace,59.18263054478561,1876449.6849235503,88961962.69674529
Fulham,53.60343113861522,1684988.7519941211,98005538.52316026
Leicester City,56.265863908561904,1537263.4219710121,92886640.30148695
Nott'ham Forest,60.7467103555796,1735384.7206766354,82527905.94987994
Brighton,77.63637507315215,1595788.3320878872,85463730.18077543
Southampton,71.08113794224312,1510111.2536797237,70739554.53205487
Bournemouth,51.535082565952344,1277574.7945090441,70112824.78847314
Wolves,69.77280862071898,1357338.1907403197,76336661.36909449
Brentford,59.60843284425139,1001597.8193434291,53851764.72940121
Ipswich Town,55.365235971589925,836663.6445548061,45102301.17950263
Manchester City,56.368941816737404,5151891.115848848,243959278.99004436
Manchester Utd,62.370687075047115,4817262.129024328,242568976.6194577
Chelsea,68.61904707776819,4145070.0853379318,238765742.6352685
Arsenal,49.11408073969226,4190626.0258981516,236679575.77284583
Liverpool,65.38458877510104,3652996.6755996295,184776740.26710883
Aston Villa,62.356985903756254,2512208.377728382,134249437.05868098
Tottenham,66.15343994382744,2690622.2525406093,139412187.5090597
Newcastle Utd,57.72621142581058,2608461.445556709,127503157.32115778
West Ham,55.057257550693556,2548105.723787618,126111207.6674643
Everton,57.44989607290732,1730387.4514331724,87439349.46565479
Crystal Palace,69.16046921088518,1730475.2598487048,99137840.17214018
Fulham,57.957699834555946,1671731.549444573,97037195.4047139
Leicester City,53.547907642599206,1698653.1863441137,88530927.18595453
Nott'ham Forest,65.69787598571334,1773459.6716084196,81598723.51857159
Brighton,72.51950395230939,1442710.4600326044,78074579.64074953
Southampton,64.27362855099085,1328718.366807845,80935891.56538062
Bournemouth,56.370002847577865,1356740.9005345434,70641674.87356487
Wolves,70.3153907941696,1271975.3082902026,67863582.01446831
Brentford,52.76877284636662,987772.32228379,56803692.68687027
Ipswich Town,61.38461067349651,869539.1596732244,48647540.3205339
Manchester City,62.02098109188014,5232839.796263149,288937274.6976216
Manchester Utd,56.242786142210285,4427146.268033441,261836381.38929525
Chelsea,71.49931571896241,4704058.459691786,218691425.97114345
Arsenal,46.00369172971924,4660206.0128945215,220526339.16611853
Liverpool,61.9694531046368,3502985.521601926,177723140.87961563
Aston Villa,66.76564765089473,2699706.5606260793,155051841.85235706
Tottenham,68.60889657343519,2935702.446048978,132783329.50635971
Newcastle Utd,59.7191900217665,2589004.7515098625,134545753.14068785
West Ham,51.98734993051276,2509877.7759768115,122498085.65171088
Everton,53.80054360608666,1961792.12817123,92530948.39358217
Crystal Palace,66.38706995493241,1971810.747461556,88362987.91116877
Fulham,56.028296505903675,1823293.7870944939,93172352.099358
Leicester City,60.81069096310843,1745785.6054607374,87604928.62727547
Nott'ham Forest,66.14479796622027,1561180.1459986249,80242413.19607155
Brighton,76.63813776504186,1643217.7323370618,91246696.8293201
Southampton,69.52472700450973,1459114.63253638,81121151.87042552
Bournemouth,53.34323394500247,1327147.149856195,69265591.78355882
Wolves,65.9794883587976,1459733.1585837023,77047977.08795424
Brentford,52.02944186305417,1133978.063655416,51876309.59272818
Ipswich Town,58.48873306329384,835607.182910021,44697688.66705174
Manchester City,57.10869002065082,5137090.752574166,255508151.15877542
Manchester Utd,61.478882329882076,4513254.448102994,254825650.0618276
Chelsea,68.63868791965416,4112494.9397657476,251267632.8203675
Arsenal,55.24780860184115,4762775.574444743,226660920.10041177
Liverpool,54.36154982030923,3459593.2616036707,188635109.8199605
Aston Villa,65.80174407627271,2825594.4087787005,136231221.62996283
Tottenham,66.85844129539275,2588845.5734768007,139825175.60725662
Newcastle Utd,62.360559340683984,2486352.867295391,139482297.27925834
West Ham,54.68239991142095,2190355.189699949,114462439.03290369
Everton,56.693467553838005,1690423.9526803803,89780031.19084078
Crystal Palace,60.947371757325676,1736436.6779828304,84770480.00477646
Fulham,53.97156407357359,1656075.797494844,90301437.17889503
Leicester City,55.46391178286492,1669127.0919311855,95024645.81123699
Nott'ham Forest,64.13536186253664,1797166.6607137788,84376235.13901779
Brighton,69.72886634475793,1753730.6002413551,76410632.48253301
Southampton,64.24793210021365,1404484.8197181127,70404002.3549282
Bournemouth,53.20688384608106,1408988.2618985467,68406652.95856854
Wolves,65.67118218160303,1511298.685826233,70068983.88005382
Brentford,53.51758398090776,1106051.455223948,51000552.5543783
Ipswich Town,61.45587596899337,850678.1139479112,49640324.90803798
Manchester City,61.572336530160854,5303354.389498629,245487856.04786667
Manchester Utd,62.99898703112524,4895238.797241354,249463753.67808276
Chelsea,74.49765463891117,4116193.7272791737,235120814.54692551
Arsenal,51.884383141671826,4130727.7633963823,237042417.5619072
Liverpool,61.80534115943983,3157526.566588964,169695589.4816488
Aston Villa,63.341103655233596,2595566.017080281,140489898.45068136
Tottenham,59.74890135555193,2532583.5428674887,144766454.4692023
Newcastle Utd,58.18233791697606,2728367.721512813,150544991.29040852
West Ham,54.516120550190585,2559510.7448985777,122723021.2402172
Everton,55.56996118011068,1986777.4316739829,93916568.50589205
Crystal Palace,64.92802213012129,1748506.3122707205,93193766.60738705
Fulham,50.313233488857314,1917513.3750339171,90651272.65879515
Leicester City,53.70513083413891,1799545.1799782773,89554716.7379174
Nott'ham Forest,62.27382099272975,1597112.0646773474,85091302.19759835
Brighton,75.65951902717791,1538825.5760613335,90215749.99002536
Southampton,71.30108485423038,1417733.2765531936,73911488.07277742
Bournemouth,54.060615457293885,1478681.5654460557,80294676.98128556
Wolves,73.09054392782814,1367190.0847130064,64409476.57203728
Brentford,59.568854267775045,964292.1054702946,50388271.80579685
Ipswich Town,51.505992202366805,802382.0324300413,44062229.4943756
Manchester City,64.55202854610906,4882166.022131538,273154054.0882878
Manchester Utd,65.58407489943733,5069955.938908969,265027184.11926374
Chelsea,64.29652921126021,4436793.546529409,208765565.01286203
Arsenal,52.965297016423236,4146205.3467644984,217400130.55998662
Liverpool,61.40740837085764,3324814.3369475408,184209636.7902278
Aston Villa,63.29665938413089,2941564.084047092,153329699.76901
Tottenham,72.08636573601844,2621352.1468896754,131975149.72262214
Newcastle Utd,65.04423890820445,2671027.873756184,129177829.70569046
West Ham,52.029817113322416,2241919.588409638,119903577.4362313
Everton,49.15358027412664,1761206.062420656,97307107.66615896
Crystal Palace,62.86230229319857,1624122.9161845897,93251099.31948873
Fulham,53.863755419655284,1755103.1946200517,82870812.46945544
Leicester City,56.249894344435795,1565515.5790959145,94111564.16390644
Nott'ham Forest,59.59103933543868,1719549.827262422,92246701.0232831
Brighton,66.32574484367414,1570292.4938837187,79346213.62193632
Southampton,61.311108082201315,1511386.1930390922,74755755.58955944
Bournemouth,57.81999275848387,1294143.1489147511,66229671.98584667
Wolves,72.70336778975224,1388949.4079741116,74890879.03252022
Brentford,59.65972938038299,1170054.8469671928,52793343.135368794
Ipswich Town,60.924746213926,845293.0811929139,44921217.42806359
Manchester City,56.287802067903144,4878984.557784258,250259920.17314222
Manchester Utd,58.50721178893782,4513804.188054811,248084553.76894423
Chelsea,66.85863009073536,4682977.101550242,217259414.24697512
Arsenal,55.804083724321806,4065955.0070559583,245147678.01501176
Liverpool,58.39535462115319,3215685.4027960403,170483528.70246875
Aston Villa,64.85255256884425,2977357.3793111504,130643259.88806307
Tottenham,61.174899558615195,2696976.5395494164,138531894.70743802
Newcastle Utd,61.207164625038345,2625530.6793771824,146680212.5250649
West Ham,54.73529562906567,2393213.933045076,124142903.44557571
Everton,48.744931391836104,1723666.0319019372,87160795.46921954
Crystal Palace,58.89940674132303,1726751.3395005716,88599579.54536936
Fulham,49.480264450968676,1763928.4674741689,86072070.850487
Leicester City,62.056335418603716,1736570.400469563,89449367.75292724
Nott'ham Forest,62.95091584089497,1563763.5115170586,87146561.89268713
Brighton,64.12515646173864,1536338.1318415408,78822598.65300041
Southampton,64.77791780452213,1540958.552199435,72567175.29140618
Bournemouth,58.38240297255825,1534682.2489688722,68514824.57754427
Wolves,76.66147211144212,1494856.5021432636,77368638.0282002
Brentford,55.03373120962055,1111267.1856227668,51516185.52427141
Ipswich Town,51.85472438998623,830703.8713257269,47322511.19015335
Manchester City,58.26537389939327,4862315.358516771,296619169.2441966
Manchester Utd,62.463884154719935,4609832.313119216,224224310.69064867
Chelsea,66.35812914558178,4645749.288026852,211105020.07031325
Arsenal,52.01229230977117,4160259.496714323,220939390.41726637
Liverpool,54.851237994516836,3490800.1283550523,161069829.31299815
Aston Villa,74.09269255627181,2931639.2285381444,149121034.21023408
Tottenham,67.36789088097285,2703581.867244885,130377780.50270133
Newcastle Utd,66.90178425483276,2794306.8721888997,137356397.70439807
West Ham,54.79329031610641,2196144.017284724,130834463.41546035
Everton,55.571244032233636,1726519.400049131,103488638.43285362
Crystal Palace,65.65378150197486,1745643.7071549878,86369396.89500423
Fulham,56.938656212404304,1641951.5041802074,95650198.81652759
Leicester City,52.9235132755962,1538530.9920305945,79157576.60310875
Nott'ham Forest,65.97446472289326,1579477.0675974006,82162016.01103875
Brighton,72.72865449366682,1556653.0002516075,91444715.01307791
Southampton,64.01662250529975,1546160.15362109,72812721.34647416
Bournemouth,54.06948201685276,1526915.8660363564,67734495.19202295
Wolves,74.43517911179585,1392475.051416939,75338542.47652996
Brentford,52.78610701959671,974396.4370257433,58790914.63366873
Ipswich Town,54.5308636882362,903685.327910449,45298532.37946319
Manchester City,59.692393712349364,5286824.972874308,245392384.83436468
Manchester Utd,54.607252993476415,4306411.239046513,251913209.0457531
Chelsea,71.89072480074348,4842697.188772273,246228532.94029665
Arsenal,54.496192463820634,4162058.428399241,226546005.86576998
Liverpool,65.3585416648666,3591625.977552471,166994459.18482214
Aston Villa,67.48280471248694,2684961.816578466,138628101.0421744
Tottenham,66.65406635369239,2449018.6420207843,133199901.80750808
Newcastle Utd,63.69601148555856,2879727.323076177,140505578.9123013
West Ham,56.34831333471023,2296816.8416201,112791958.85797516
Everton,53.371023828983944,1748037.6697984724,95838472.54161005
Crystal Palace,59.12409160176845,1703953.5128415197,98020167.44801004
Fulham,57.44175624369694,1811475.5171788095,99737227.83394952
Leicester City,55.096883093054196,1698994.348061571,86026558.6597017
Nott'ham Forest,60.714010428967555,1542177.199230854,87083751.83664592
Brighton,77.99017693152443,1754325.8052738642,91491915.31445898
Southampton,65.04362223090934,1488129.3803961766,69419615.05045663
Bournemouth,58.85627885321883,1295017.04336825,72473221.65763916
Wolves,63.79069996749532,1295886.1279717728,68524797.49217883
Brentford,58.24558816131904,1131375.8196552242,51183577.90002911
Ipswich Town,60.13498775462874,828831.6533101626,46926300.94499002
Manchester City,63.04780238314535,5453559.686429806,265848319.68409795
Manchester Utd,63.78175121876987,4499154.237343258,245271349.0486299
Chelsea,75.8248468029181,4080432.184615102,243927713.06937987
Arsenal,49.47613176428426,4516231.752729087,219728116.95733127
Liverpool,56.337860761792065,3245754.0010446133,175504137.50850046
Aston Villa,61.74783724105307,2660274.3642358785,156770165.73725507
Tottenham,63.20982016801333,2849359.375539973,131454249.73514016
Newcastle Utd,67.797477588025,2659074.6273713848,128100212.47449566
West Ham,51.313560410416834,2109519.3753375146,110606593.4110334
Everton,54.84262618440245,1897664.7220622534,90458595.52916603
Crystal Palace,62.34104817630854,1912344.6846809026,88853422.65185526
Fulham,56.10289492552128,1814593.472622359,93286952.29428294
Leicester City,61.18862376816926,1857495.8719561829,80821690.69832268
Nott'ham Forest,58.60177774602636,1622869.0562206719,77411346.60212922
Brighton,70.59639638910737,1725229.571403514,88123902.90807056
Southampton,66.78896931514436,1459042.7179547632,75527775.48005404
Bournemouth,60.822323140716435,1433808.7799175126,77502426.28004709
Wolves,73.8221411354635,1243213.745816269,74924535.63816018
Brentford,55.09951106555643,1079179.6676734271,53517170.98990053
Ipswich Town,58.830721171874,971560.9668933528,41966287.33034729
Manchester City,62.09135908639572,4991299.182904764,253480912.82729515
Manchester Utd,59.10997099503946,4746024.595718257,266840305.47258484
Chelsea,75.670070119209,4160239.8868665975,239151910.71103737
Arsenal,47.14803147936601,3999644.045401982,225490339.4042173
Liverpool,56.47923659340977,3076900.3667456,184632776.20223525
Aston Villa,61.88878357184092,2907129.047278102,136783994.47880626
Tottenham,60.45277063997886,2436746.6789899943,147715864.2193134
Newcastle Utd,63.61963383565376,2884897.9379580254,135713815.61468008
West Ham,52.194954712213914,2551692.7191345375,109114637.26868378
Everton,54.196375054861214,1752418.845941027,94831952.00110486
Crystal Palace,60.11980008550606,1858616.513418316,90257282.66301417
Fulham,51.58117929505536,1777048.2649404353,86551440.17961228
Leicester City,60.17610403039072,1550727.2924932288,89568525.658932
Nott'ham Forest,64.18249225336304,1553747.7594350833,84280043.14272545
Brighton,69.43516479204847,1495933.050017277,87820647.1374254
Southampton,62.72693566609721,1444924.4883845085,82299853.70156379
Bournemouth,53.78931525751486,1465868.1511341624,69168532.56326216
Wolves,76.49853357764007,1331089.7321696533,66027549.83692298
Brentford,60.316584706658155,1174931.3912875026,51736342.85050656
Ipswich Town,59.14645475342513,929376.1886112582,46021994.06917314
Manchester City,56.70111980055774,4772635.239908624,256395855.15520126
Manchester Utd,60.199926060006625,4680520.248259995,252631938.99073994
Chelsea,75.03302078285917,4192530.6577675007,210063278.83436006
Arsenal,48.51371702918283,4539067.595136462,236924070.34590995
Liverpool,58.62488908501476,3618762.742989367,187276029.56560606
Aston Villa,61.44642193609871,2997695.381556857,141362778.2345059
Tottenham,65.57045253171911,2657519.223608787,132399809.15503529
Newcastle Utd,56.04066389458352,2652679.9791147853,137651521.53616628
West Ham,50.37801587385852,2519161.7225212683,123232608.50204085
Everton,51.99212357002103,1845540.2922523345,104824514.0806192
Crystal Palace,59.63776407950652,1943284.8411997238,93949533.3841343
Fulham,52.41909395713485,1829622.7229057525,86719564.87123322
Leicester City,54.6391124534736,1682965.3294128508,85208214.3666035
Nott'ham Forest,58.92236978585344,1781407.8456326139,87984609.26032853
Brighton,66.78841949774143,1700402.7239206664,79708551.23033184
Southampton,67.70720234959143,1560954.5890208478,74819160.97823185
Bournemouth,52.79942214005469,1406207.4012187982,70222832.40854062
Wolves,71.71242221797259,1271007.5548310208,67611749.98674145
Brentford,60.71021470498978,1099930.6526700356,60303854.24434296
Ipswich Town,52.97643716755651,813784.1686697857,48076473.27942261
Manchester City,62.80745321102227,5714176.623469029,264009148.931112
Manchester Utd,57.64530762852362,4526836.637566104,249104821.93719962
Chelsea,76.93240904820794,4325907.345974587,234997521.44874537
Arsenal,55.10454939584183,4572787.141030529,223991910.42532703
Liverpool,54.19124640966165,3149685.062648224,168553246.15820962
Aston Villa,62.84459636877057,2508510.320667524,135500093.29770687
Tottenham,61.84686821027805,2934233.8835416227,135448967.145397
Newcastle Utd,59.52533567384095,2554973.5789520047,146616159.1908177
West Ham,57.03260853401821,2144137.427664522,112305212.5317303
Everton,51.64817951630358,1730065.379314802,103024777.02124743
Crystal Palace,62.760241709702484,1653738.3881817684,89335725.86289003
Fulham,57.98437493162746,1718641.030829906,87337113.76749602
Leicester City,55.76325621856356,1558211.7836029218,87060361.77194005
Nott'ham Forest,59.96269961537907,1490295.6558274045,80203620.40470293
Brighton,74.44932834266655,1483765.3616542125,83364154.39014792
Southampton,68.74018601080206,1576188.4996177088,68936739.70230363
Bournemouth,51.049299071137575,1332660.005754606,67719872.7988401
Wolves,64.90088422112456,1243515.0057786985,69161703.42394981
Brentford,55.403019505230006,972960.790223275,55470098.85720861
Ipswich Town,57.76570790110642,798458.8718470368,46121963.79408966
Manchester City,62.100742448284464,5278536.412361956,258601402.81443092
Manchester Utd,63.092981643763466,4790219.132074201,225622032.83641267
Chelsea,75.61800762824933,4130133.2267060354,223694537.13474536
Arsenal,50.56172468230972,4575418.728804866,214016708.65535378
Liverpool,56.839487100681914,3311114.513714973,172279190.94475853
Aston Villa,74.2887079262461,2668024.316393228,144734009.81039375
Tottenham,59.635785684954634,2808431.506588145,141818433.75123107
Newcastle Utd,63.142635706775245,2579491.7421706654,144609648.91802815
West Ham,49.23166342145137,2443684.1530412515,111170794.85537603
Everton,53.56099513685732,1806127.0170734827,88189377.22778471
Crystal Palace,62.61981556806771,1677382.9894336986,95930479.97321425
Fulham,49.47936807749319,1726084.996665169,100797917.56229219
Leicester City,53.29199012954301,1542084.7350223707,88963450.9084477
Nott'ham Forest,60.799694794717794,1774707.7866267704,88891757.40544254
Brighton,67.11871983368314,1473719.10714009,74911023.45489891
Southampton,67.93434612916907,1389117.5315676134,68426887.6063092
Bournemouth,54.18738919408007,1508208.945736561,71561380.2372686
Wolves,72.01581237127415,1469279.3325315167,72131909.83602874
Brentford,51.306265294944865,978479.6505985853,58693458.63488595
Ipswich Town,57.430882995072295,879345.3311816965,49899290.73411529
Manchester City,65.10352629768877,5253995.5363293765,263252484.3916193
Manchester Utd,60.74487429415275,4427910.689936199,221415277.02801666
Chelsea,71.33660068604559,4811113.084156676,230317640.4304079
Arsenal,53.741075722031894,4489329.60728394,218314533.42993635
Liverpool,54.044244006829665,3546775.155122764,164201655.82189974
Aston Villa,70.61582467644644,2787444.1588543705,143285315.48159528
Tottenham,71.19019246613534,2930986.681195154,145581884.6036682
Newcastle Utd,62.4560077605442,2464121.946481451,136296667.79277462
West Ham,48.9254253496442,2239883.8346622474,110983768.07049324
Everton,55.36851269338167,1947059.7262570388,103219627.68119872
Crystal Palace,67.55642891109532,1885684.4920405964,85343084.05371329
Fulham,53.0309302171565,1665472.74438297,92699871.1904992
Leicester City,58.17806708940253,1636005.6753615935,89385333.5174547
Nott'ham Forest,60.06828653798795,1774873.0075384867,87364134.95283554
Brighton,70.36329840416285,1538019.740867841,85633055.10412087
Southampton,63.89212889004874,1363526.4906688677,81042426.33872095
Bournemouth,51.582095778822634,1330596.5933036446,66752561.91746711
Wolves,69.69170943726347,1496821.5726410395,64991263.13532519
Brentford,51.71799109856405,1077094.677360169,58109744.311505914
Ipswich Town,55.60828337540574,802613.991334519,46759221.85905566
Manchester City,55.55602247881259,5457033.905038627,267137764.8272581
Manchester Utd,62.233905277379606,4395516.35880793,237602547.0919568
Chelsea,65.33640003648956,4817448.554698666,234953489.5037046
Arsenal,47.35337478542513,4368660.5443095025,223633794.52577364
Liverpool,57.15889820874532,3528963.1301561124,169102004.5498886
Aston Villa,67.6364708580621,2607115.069883904,135356486.75882635
Tottenham,71.39798297513863,2592714.926228391,147260459.42714247
Newcastle Utd,63.054375329014064,2620078.266417282,140999490.88062203
West Ham,52.93403500216942,2462464.644266388,124487002.88597642
Everton,55.090247362455905,1844046.1364952135,104834801.04013263
Crystal Palace,68.80764399796308,1949693.2991350836,93993448.18856597
Fulham,57.49541538676978,1714947.1083516171,93257662.9910547
Leicester City,61.933293286425894,1718759.815524057,82921496.5837726
Nott'ham Forest,57.09053969414793,1600998.1781292872,82303113.23402447
Brighton,74.1091937998178,1687172.430489008,77625091.32809113
Southampton,62.04440634134554,1538491.5850989362,74722075.1656764
Bournemouth,61.23593275884704,1401274.2863833483,69265003.99063036
Wolves,74.47701495111794,1425630.6915868209,72608782.80896929
Brentford,56.32457722788492,1066821.2702611964,52206123.826389246
Ipswich Town,50.92761677722835,887868.8892186409,41714461.15780315
Manchester City,65.10287052866343,4756942.739416934,278525321.1035767
Manchester Utd,54.03077580120543,4590350.319146281,222283137.73915103
Chelsea,71.63959078747057,4206632.427581518,237345072.37955642
Arsenal,50.082561077322175,4741178.687739506,221550490.12186417
Liverpool,59.810247192393696,3433332.098382158,171119914.79952103
Aston Villa,64.21620649681442,2605139.8618125054,157372315.53468075
Tottenham,71.32739986581767,2794565.0477640796,127562872.71533224
Newcastle Utd,65.95673220621931,2578582.8551843134,139446322.46267876
West Ham,52.72110609682352,2109030.9431657623,111384170.22064364
Everton,49.85556880635945,1718191.5308762607,94680665.22777596
Crystal Palace,57.235914218593834,1705495.313702185,85052171.89941466
Fulham,55.4933389860722,1824981.1137820242,87727909.12603882
Leicester City,56.27594449001344,1566824.6920952478,94502386.69524874
Nott'ham Forest,62.40495547697465,1744256.0193265653,86342036.85502055
Brighton,66.61716433024519,1584651.5748496747,90459988.42069097
Southampton,70.37616821025127,1465325.1399169913,69265694.66064683
Bournemouth,53.17939680195671,1411134.8935120427,76551022.57509492
Wolves,63.10889192797702,1377675.9254077058,68361248.49017607
Brentford,56.36917995685925,1158627.4386224402,60530877.721726514
Ipswich Town,51.71137403175912,798951.9675534032,45938914.28872913
Manchester City,58.62919036785176,5549860.993460983,258337046.26105258
Manchester Utd,65.99253727071944,4531601.116343646,243219161.583709
Chelsea,65.95021034439596,4842917.4666235205,220121331.9256717
Arsenal,52.74769408338268,4120882.188941333,229693033.94094244
Liverpool,57.44269225857425,3423679.14000645,172055365.73812503
Aston Villa,66.47404614463537,2889283.7406549365,152837591.83750808
Tottenham,68.21538022193673,2710648.1908824416,143239507.42325807
Newcastle Utd,57.48629482555149,2877677.7532405434,127153156.13328785
West Ham,58.36374726989812,2116770.972015914,125110041.41273159
Everton,56.04853253983804,1912102.1194282882,98192007.56999347
Crystal Palace,64.82636125241636,1786535.7302400565,86112684.2800397
Fulham,54.8371387880178,1817817.8782985376,100106163.0851732
Leicester City,51.69953607538546,1649200.3546709833,84026763.06998499
Nott'ham Forest,58.04221191698848,1663990.9191050124,84498309.06895716
Brighton,73.65882999582709,1567559.1009939043,90470288.67095777
Southampton,66.90859139624223,1585461.34531614,76316193.19574696
Bournemouth,56.97472746905549,1307242.0687385816,75503632.2112161
Wolves,63.35899316822861,1408041.9524731864,76903235.57684316
Brentford,60.213865715405,1050320.0273132815,52058463.9365946
Ipswich Town,50.95206376004927,917161.517866937,46828144.932613105
Manchester City,63.239366051512704,4969889.376359828,249520743.42814228
Manchester Utd,58.996865881512356,4806178.4076739745,256373530.27906644
Chelsea,65.0926740676816,4429646.856972851,246413651.2247225
Arsenal,54.18695379869234,3957983.428791889,248085150.2348975
Liverpool,58.4947257762864,3261516.808503836,172297194.13620782
Aston Villa,69.84788897237736,2639864.375408753,142931057.2772885
Tottenham,59.78983510090286,2721209.387875722,154073783.62019208
Newcastle Utd,65.15585950524225,2547750.251040747,130532028.62555185
West Ham,55.038563785966694,2270502.0162137533,109481246.10319743
Everton,50.05608072982493,1678023.1589893128,92931578.27137235
Crystal Palace,59.58835772077335,1761419.656797097,96587633.59246685
Fulham,56.16679846311425,1904571.764445442,99607842.93709631
Leicester City,60.871582384711424,1537730.547664465,84098165.54794249
Nott'ham Forest,67.55387434975705,1650363.6598224884,85526405.31787622
Brighton,75.20298302877757,1485415.822652472,76730302.34165247
Southampton,64.20861299752924,1382884.9335777303,71882138.29403208
Bournemouth,53.57902962305523,1507288.4151234592,67923940.30228993
Wolves,66.41181796182269,1295573.528791258,70681667.46942721
Brentford,57.15536565919697,1136645.27967084,56782177.13708689
Ipswich Town,55.28412786554911,934751.2423937784,42306085.29615634
Manchester City,56.61939799876786,5021854.997649703,247294999.80852807
Manchester Utd,58.45325361613874,4444151.459898234,257365026.0783545
Chelsea,73.87835089213998,4010104.6021032142,243408880.8006847
Arsenal,54.42737468715604,4028403.302352394,211722379.80363667
Liverpool,64.80666429305492,3209923.37350346,171136784.7399252
Aston Villa,66.32019697279569,2673940.6079566544,143158917.76862776
Tottenham,72.24715405885895,2687380.2763331598,133699922.73785107
Newcastle Utd,67.35639781088007,2864180.6700210753,150132630.68888283
West Ham,56.38349249718106,2343027.2454970954,111588679.69220424
Everton,53.21811094156518,1875852.7193702501,94792345.87483396
Crystal Palace,62.85539202845605,1627337.129513634,85196019.60249574
Fulham,58.15632082227997,1685675.9431632194,93474944.70600355
Leicester City,58.515078553917064,1780798.1387193685,94409596.81582387
Nott'ham Forest,67.05819742747505,1485565.9280760027,88077888.08885473
Brighton,64.28576066061429,1440514.9399890013,85534175.52786678
Southampton,65.92348685050183,1327107.1477257079,81136897.06245296
Bournemouth,59.122808729978594,1530699.176886015,66246505.94243126
Wolves,67.44298033584933,1398585.9246183515,76154445.49929191
Brentford,58.05575950275343,1095777.68225467,55687782.631357245
Ipswich Town,52.688091231179286,944469.6416863692,49586760.298201256
